Zona,Comune,Nome Palestra,Indirizzo,Latitudine,Longitudine,Indirizzo Completo,Stato
1,Treviso,FitActive Treviso,"Viale IV Novembre, 93/A, Treviso",45.6622556,12.270513,"93a, Viale Quattro Novembre, Fiera, Treviso, Veneto, 31100, Italia",OK
1,Treviso,Show Club La Ghirada,"Via Nascimben, 1/B, Treviso",45.6447938,12.2337191,"Golf Club I Salici, 1b, Via Nascimben, Borgo Mestre, Treviso, Veneto, 31100, Italia",OK
1,Treviso,My Gym City,"Via Terraglio, 156, Treviso",45.6450469,12.2412064,"156, Via Terraglio, San Lazzaro, Treviso, Veneto, 31100, Italia",OK
1,Treviso,Strada Facendo Indoor,"Via Tommaso Salsa, 2/A, Treviso",45.6790442,12.2546822,"Via Tommaso Salsa, Santa Maria del Rovere, Treviso, Veneto, 31100, Italia",OK
1,Treviso,Canoa Club Sile,"Via Antonio Borin, 48/L, Treviso",45.6585213,12.2822492,"Via Antonio Borin, Molino Mandelli, Treviso, Veneto, 31100, Italia",OK
1,Villorba,Renton Fitness,"Via Roma, 47, Villorba",45.7159584,12.2569542,"Via Roma, Carità, Villorba, Treviso, Veneto, 31020, Italia",OK
1,Villorba,K Fitness Club,"Via Thomas Alva Edison, 119/121, Villorba",45.7246905,12.2505756,"Via Thomas Alva Edison, Villorba, Treviso, Veneto, 31020, Italia",OK
1,Villorba,Biverso Fitness Lab,"Viale della Repubblica, 22, Villorba",45.6914375,12.2502371,"Viale della Repubblica, Fontane Chiesa Vecchia, Villorba, Treviso, Veneto, 31020, Italia",OK
1,Villorba,Park Tennis Villorba,"Via Fratelli Rosselli, 30, Villorba",45.724805,12.2445005,"Via Fratelli Rosselli, Villorba, Treviso, Veneto, 31020, Italia",OK
1,Mogliano Veneto,CIAO Fitness House,"Via Ronzinella, 99/B, Mogliano Veneto",45.5537776,12.2607119,"Via Ronzinella, Mazzocco, Mogliano Veneto, Treviso, Veneto, 31021, Italia",OK
1,Mogliano Veneto,Teen Eleven Evolution,"Via Prà dei Roveri, 4, Mogliano Veneto",45.5588554,12.2344721,"Via Prà dei roveri, Olme, Mogliano Veneto, Treviso, Veneto, 31021, Italia",OK
1,Mogliano Veneto,Centro Sportivo Via Torni,"Via Torni, 51, Mogliano Veneto",45.5573548,12.2656444,"Via Torni, Mazzocco, Mogliano Veneto, Treviso, Veneto, 31021, Italia",OK
1,Mogliano Veneto,Polisportiva Mogliano,"Via Erminio Ferretto, 2, Mogliano Veneto",45.5542812,12.2474664,"Via Erminio Ferretto, Olme, Mogliano Veneto, Treviso, Veneto, 31021, Italia",OK
1,Paese,Vitanova Fitness,"Via Postumia, 153, Paese",45.6703643,12.1756686,"Via Postumia, Case Corrente, Paese, Treviso, Veneto, 31038, Italia",OK
1,Silea,Dream Studio,"Via Treviso, 29, Silea",45.6568034,12.2858556,"Via Treviso, Lanzago, Silea, Treviso, Veneto, 31057, Italia",OK
1,Silea,Papy Academy,"Via Treviso, 34, Silea",45.6532169,12.2941107,"Via Treviso, Case Mestriner, Silea, Treviso, Veneto, 31057, Italia",OK
1,Silea,Sportler Climbing Center,"Via Combattenti Alleati, 1, Silea",45.6513174,12.3059681,"Via Combattenti Alleati, Case Massarotto, Silea, Treviso, Veneto, 31057, Italia",OK
1,Preganziol,Fit And Go,"Via Terraglio, 243/A, Preganziol",45.5779946,12.2330595,"Via Terraglio, Sambughè, Preganziol, Treviso, Veneto, 31022, Italia",OK
1,Preganziol,Phision,"Via Terraglio, 166, Preganziol",45.5779946,12.2330595,"Via Terraglio, Sambughè, Preganziol, Treviso, Veneto, 31022, Italia",OK
1,Casier,Bamboo Fitness,"Via Alessandro Volta, 12/A, Casier",,,,NON TROVATO
1,Casier,Polisportiva Casier,"Via Enrico Fermi, 1, Casier",45.6326126,12.2575136,"Via Enrico Fermi, Case Cadamuro, Dosson, Casier, Treviso, Veneto, 31030, Italia",OK
1,Casale sul Sile,H.O.G. Fitness,"Viale delle Industrie, 6, Casale sul Sile",,,,NON TROVATO
1,Casale sul Sile,Aquafit,"Via Belvedere, 59, Casale sul Sile",45.6045041,12.3381271,"Via Belvedere, Vignale Rivalta, Casale sul Sile, Treviso, Veneto, 31032, Italia",OK
1,Ponzano Veneto,ASD AREA,"Via Piave, 1/B, Ponzano Veneto",45.7036091,12.219804,"Calisthenics Treviso, 1b, Via Piave, Zanella, Ponzano, Ponzano Veneto, Treviso, Veneto, 31050, Italia",OK
1,Ponzano Veneto,ASD Kalèidos,"Via Dogi, 1, Ponzano Veneto",,,,NON TROVATO
1,Carbonera,Volley Carbonera ASD,"Via Primo Maggio, 56, Carbonera",45.6846131,12.2862153,"Via Primo Maggio, Castello, Carbonera, Treviso, Veneto, 31030, Italia",OK
1,Quinto di Treviso,QuintoSenso,"Via Zagaria, 2/20, Quinto di Treviso",45.627691,12.1729246,"Via Zagaria, Zecchina, Quinto di Treviso, Treviso, Veneto, 31055, Italia",OK
1,Quinto di Treviso,Energym Sport e Benessere,"Via San Cassiano, 27, Quinto di Treviso",45.6510023,12.1601377,"Via San Cassiano, Quinto di Treviso, Treviso, Veneto, 31055, Italia",OK
1,Quinto di Treviso,Remedium Medical Hub,"Via Postumia, 12, Quinto di Treviso",45.6693322,12.1794346,"Via Postumia, Quinto di Treviso, Treviso, Veneto, 31055, Italia",OK
1,Zero Branco,FitUP Zero Branco,"Via Treviso, 19, Zero Branco",45.6165377,12.1659412,"Via Treviso, Pegoraro, Zero Branco, Treviso, Veneto, 31059, Italia",OK
1,Zero Branco,La Fenice ASD,"Via G. Taliercio, 5, Zero Branco",45.5930161,12.154091,"Via G. Taliercio, Zona Industriale di Zero Branco, Macello, Zero Branco, Treviso, Veneto, 31059, Italia",OK
1,Roncade,Baobab Fitness Club,"Via Tintoretto, 22, Roncade",45.6383402,12.3841198,"Via Tintoretto, Zona Industriale Roncade, Roncade, Treviso, Veneto, 31056, Italia",OK
1,Monastier di Treviso,Rosa Blu Village,"Via Pisani, 12, Monastier di Treviso",45.653064,12.4095842,"Via Pisani, Chiesa Vecchia, Monastier di Treviso, Treviso, Veneto, 31050, Italia",OK
1,Arcade,Centro Acquamagia,"Via Roma, 155, Arcade",45.7827173,12.2236423,"Via Roma, Mulinella, Arcade, Treviso, Veneto, 31030, Italia",OK
1,Morgano,Sporting Club Morgano,"Via Chiesa, 35, Morgano",45.6485307,12.1007139,"Via Chiesa, Morgano, Treviso, Veneto, 31050, Italia",OK
1,Istrana,Labofit,"Via Brigata Marche, 1/A, Istrana",45.67699,12.08837,"Spazio Enel, 1/a, Via Brigata Marche, Istrana, Treviso, Veneto, 31036, Italia",OK
1,Istrana,E-Motion Fitness Club,"Via Fabio Filzi, 48/A, Istrana",45.6770396,12.098219,"Via Fabio Filzi, Istrana, Treviso, Veneto, 31036, Italia",OK
2,Montebelluna,Top Gym Montebelluna,"Via Castellana, 103, Montebelluna",45.769095,12.0280672,"Via Castellana, Sant'Andrea, Posmon, Montebelluna, Fonte, Treviso, Veneto, 31044, Italia",OK
2,Montebelluna,FitUP Montebelluna,"Via Schiavonesca Priula, 72, Montebelluna",45.7800866,12.0700835,"Gaia Fitness Center Montebelluna, 72, Via Schiavonesca Priula, Caonada, Montebelluna, Treviso, Veneto, 31044, Italia",OK
2,Montebelluna,DG Club Montebelluna,"Via Feltrina Sud, 84, Montebelluna",45.7723702,12.0723697,"Via Feltrina Sud, Caonada, Montebelluna, Treviso, Veneto, 31044, Italia",OK
2,Asolo,Miafit Asolo,"Via Enrico Fermi, 10, Asolo",45.7892299,11.9096306,"Via Enrico Fermi, Cà Vescovo, Fagarè, Cà Giupponi, Asolo, Fonte, Treviso, Veneto, 31011, Italia",OK
2,Maser,DG Club Maser,"Via Enrico Mattei, 44, Maser",45.7922914,11.9621052,"Via Enrico Mattei, Zona Industriale Maser, Case Zamattia, Coste di Maser, Maser, Fonte, Treviso, Veneto, 31010, Italia",OK
2,Maser,Energya Fitness Club,"Via Bassanese Coste, 156, Maser",45.8025312,11.9577877,"Via Bassanese, Case Zamattia, Coste di Maser, Maser, Fonte, Treviso, Veneto, 31010, Italia",OK
2,Fonte,Palestra Fisyodinamic,"Via Degli Alpini, 25, Fonte",45.748569,11.9188215,"25, Via degli Alpini, Case Barichello, San Vito di Altivole, Altivole, Fonte, Treviso, Veneto, 31030, Italia",OK
2,Borso del Grappa,L'Anima del Fitness,"Via Molinetto, 23, Borso del Grappa",45.8160155,11.8062557,"Via Molinetto, Carrari, Borso del Grappa, Pieve del Grappa, Treviso, Veneto, 31030, Italia",OK
2,Volpago del Montello,Invictus Fitness,"Via Tagliamento, 11, Volpago del Montello",45.7767088,12.1084689,"Via Tagliamento, Case Brosa, Volpago del Montello, Treviso, Veneto, 31040, Italia",OK
2,Giavera del Montello,Palestra Comunale,"Via degli Artiglieri, 14, Giavera del Montello",45.7920175,12.1711431,"Via degli Artiglieri, All'Alpino, Giavera del Montello, Treviso, Veneto, 31040, Italia",OK
2,Altivole,ASD Fast Fit,"Via Laguna, 29, Altivole",45.7487093,11.9616742,"Scuola Secondaria ""Fra Giocondo"" | IC Altivole, 29, Via Laguna, Baldin e Perer, Altivole, Fonte, Treviso, Veneto, 31030, Italia",OK
2,Paderno del Grappa,Istituti Filippin,"Via Cardinal la Fontaine, 2, Paderno del Grappa",,,,NON TROVATO
2,Segusino,CIDI,"Via Della Centa, 3, Segusino",45.9089739,11.9530607,"Via della Centa, Col Lonc, Segusino, Pieve del Grappa, Treviso, Veneto, 31040, Italia",OK
2,Possagno,Palestra Comunale,"Via degli Impianti Sportivi, 7, Possagno",,,,NON TROVATO
2,Crespano del Grappa,Challenge Fit Center,"Via Papa Giovanni XXIII, 18, Crespano del Grappa",45.8265157,11.8497232,"Via Papa Giovanni XXIII, Pedecol, Ai Baruffa, Paderno del Grappa, Pieve del Grappa, Treviso, Veneto, 31017, Italia",OK
2,Crespano del Grappa,Alpha AP Fitness,"Via Asolana, 29/A, Crespano del Grappa",45.8193386,11.8417822,"Via Asolana, Ai Baruffa, Crespano del Grappa, Pieve del Grappa, Treviso, Veneto, 31017, Italia",OK
3,Castelfranco Veneto,FitUP Castelfranco Veneto,"Via dei Tigli, 25/A, Castelfranco Veneto",,,,NON TROVATO
3,Castelfranco Veneto,Happy Fit Castelfranco,"Via delle Industrie, 18, Castelfranco Veneto",,,,NON TROVATO
3,Castelfranco Veneto,DG Club Castelfranco,"Via dei Tigli, 30, Castelfranco Veneto",,,,NON TROVATO
3,Castelfranco Veneto,Kinesis Palestra,"Via dei Tigli, 15/A, Castelfranco Veneto",,,,NON TROVATO
3,Resana,Happy Fit Resana,"Via dell'Industria, 12, Resana",,,,NON TROVATO
3,Loria,Happy Fit Loria,"Via dell'Artigianato, 7, Loria",,,,NON TROVATO
3,Vedelago,Happy Fit Vedelago,"Via dell'Industria, 22, Vedelago",45.6820594,11.9953305,"Via dell'Industria, Case Lanaro, Vedelago, Fonte, Treviso, Veneto, 31050, Italia",OK
3,Maserada sul Piave,Happy Fit Maserada,"Via dell'Industria, 15, Maserada sul Piave",45.7629389,12.3070616,"Via dell'Industria, Maserada sul Piave, Treviso, Veneto, 31052, Italia",OK
5,Conegliano,Medicenter Conegliano,"Viale Italia, 290, Conegliano",45.8823843,12.3159662,"Morgan Camicie, 290b, Viale Italia, Monticella, Santa Rosa, Conegliano, Treviso, Veneto, 31015, Italia",OK
5,Conegliano,Sportway,"Via Feltrina Sud, 189, Conegliano",,,,NON TROVATO
5,Vittorio Veneto,Flow Palestra,"Via Carlo Torres, 17/5, Vittorio Veneto",45.9727274,12.3136097,"Via Carlo Torres, Ceneda Bassa, Ai Frati, San Giacomo di Veglia, Vittorio Veneto, Treviso, Veneto, 31029, Italia",OK
5,Vittorio Veneto,Body Evidence Vittorio Veneto,"Via Menarè, 304/A, Vittorio Veneto",45.9478278,12.3280934,"Via Gabriele d'Annunzio, Mescolino, Colle Umberto, Treviso, Veneto, 31014, Italia",OK
5,San Vendemiano,WebFit,"Via Resistenza, 2, San Vendemiano",45.8812555,12.3242046,"Sonepar, 2d, Via Resistenza, Fossamerlo, Cosniga, San Vendemiano, Treviso, Veneto, 31020, Italia",OK
5,San Vendemiano,NEWFIT San Vendemiano,"Via Resistenza, 2/f, San Vendemiano",45.8826354,12.3197888,"Via Resistenza, Cosniga, San Vendemiano, Treviso, Veneto, 31020, Italia",OK
5,Colle Umberto,Energy Fitness ASD,"Viale dell'Artigianato, 12, Colle Umberto",,,,NON TROVATO
5,Colle Umberto,Palestra Olimpia ASD,"Via Vittorio Veneto, 12, Colle Umberto",45.9578979,12.3393411,"Via Vittorio Veneto, Mescolino, Colle Umberto, Treviso, Veneto, 31014, Italia",OK
5,Godega di Sant'Urbano,i GO Club Pianzano,"Via S. Urbano, 45, Godega di Sant'Urbano",45.9109991,12.3897481,"Via San Lorenzo, Baver, Pianzano, Godega di Sant'Urbano, Treviso, Veneto, 31010, Italia",OK
5,Mareno di Piave,Palestra In.Forma,"Via Verri, 79, Mareno di Piave",45.8416312,12.3457224,"Via Verri, Borgo Fagaraz, Mareno di Piave, Treviso, Veneto, 31010, Italia",OK
5,San Fior,Palestra Arcostruttura,"Via I. Mel, 6, San Fior",,,,NON TROVATO
5,Povegliano,Palestra Fit POINT,"Via Prato della Valle, 10, Povegliano",45.7685126,12.1962323,"Via Prato della Valle, Cecconato, Povegliano, Treviso, Veneto, 31050, Italia",OK
6,Oderzo,FirstFit Oderzo,Oderzo,45.7776511,12.4932002,"Oderzo, Treviso, Veneto, 31046, Italia",OK
6,Oderzo,Bewellness Oderzo,Oderzo,45.7776511,12.4932002,"Oderzo, Treviso, Veneto, 31046, Italia",OK
6,Oderzo,Brandolini Sport,Oderzo,45.7776511,12.4932002,"Oderzo, Treviso, Veneto, 31046, Italia",OK
6,Motta di Livenza,Gymnasium Piscine,"Via Friuli, 42/B, Motta di Livenza",45.7414406,12.6183495,"Via Friuli, Zona Industriale SUD Motta di Livenza, Motta di Livenza, Treviso, Veneto, 31045, Italia",OK
6,Motta di Livenza,Laboratorio del Movimento,"Via Cattaneo, 1, Motta di Livenza",45.7722925,12.6006524,"Via Carlo Cattaneo, Ponte Redigole, Motta di Livenza, Treviso, Veneto, 31045, Italia",OK
6,Ponte di Piave,Lime Fitness House,"Via dell'Artigianato, 13, Ponte di Piave",45.7332194,12.4700295,"Via dell'Artigianato, Levada, Grasseghella, Levada, Ponte di Piave, Treviso, Veneto, 31047, Italia",OK
6,Gorgo al Monticano,Body Up,"Via Monticano, 3, Gorgo al Monticano",45.78615,12.5415687,"Via Monticano, Gorgo dei Molini, Gorgo al Monticano, Treviso, Veneto, 31040, Italia",OK
6,San Polo di Piave,Energy Salus,"Via del Commercio, 24, San Polo di Piave",45.7827671,12.4111342,"Via del Commercio, San Giorgio di San Polo, San Polo di Piave, Treviso, Veneto, 31020, Italia",OK
